timestamp_start,timestamp_end,time,throughput_download_mean,rtt_download_mean,throughput_upload_mean,rtt_upload_mean,throughput_download_std,rtt_download_std,throughput_upload_std,rtt_upload_std,event,cluster,probability_cluster_0,probability_cluster_1,client,site
2024-05-01 03:06:15,2024-06-02 06:00:26,32.12096064814815,519.0047192982456,9.601447368421054,268.52964999999995,13.897298245614035,5.387550755726486,0.4313820243846599,0.8732841989325512,0.7864902342885572,0,1,0.1182486418457207,0.8817513581542793,client01,gru03
2024-06-02 06:00:26,2024-07-09 15:38:40,37.401550925925925,519.0047192982456,9.601447368421054,268.69235000000003,13.897298245614035,5.387550755726486,0.4313820243846599,0.557301418491496,0.7864902342885572,0,1,0.11848645025773663,0.8815135497422634,client01,gru03
2024-07-09 15:38:40,2024-07-23 13:08:11,13.895497685185186,519.0047192982456,9.601447368421054,268.69235000000003,13.897298245614035,5.387550755726486,0.4313820243846599,0.557301418491496,0.7864902342885572,0,1,0.11848645025773663,0.8815135497422634,client01,gru03
2024-05-01 00:37:17,2024-05-15 02:14:20,14.067395833333334,518.0364000000001,7.383750000000001,250.56615939787486,10.1281,8.73990411485401,4.055100555246183,29.010253676904394,2.443375101004863,0,1,0.23723726321651495,0.762762736783485,client01,rnp_rj
2024-05-15 02:14:20,2024-05-21 03:16:10,6.042939814814815,520.57305,21.5041,250.56615939787486,9.769950000000001,4.21032430898644,22.290768199791643,29.010253676904394,1.1740980177409202,1,0,0.7643137987147103,0.23568620128528972,client01,rnp_rj
2024-05-21 03:16:10,2024-06-02 10:05:19,12.284131944444445,522.2264000000001,6.1977,250.56615939787486,9.769950000000001,3.4598991679861926,2.8000042311998103,29.010253676904394,1.1740980177409202,1,0,0.2190176874262596,0.7809823125737404,client01,rnp_rj
2024-06-02 10:05:19,2024-06-02 16:27:12,0.2651967592592593,511.8763500000001,7.367399999999999,250.56615939787486,10.54955,29.52709117916343,2.5813790357705684,29.010253676904394,2.438300065187781,0,1,0.23488794873555618,0.7651120512644438,client01,rnp_rj
2024-06-02 16:27:12,2024-07-09 16:28:26,37.000856481481485,511.8763500000001,7.367399999999999,250.56615939787486,10.54955,29.52709117916343,2.5813790357705684,29.010253676904394,2.438300065187781,0,1,0.23488794873555618,0.7651120512644438,client01,rnp_rj
2024-07-09 16:28:26,2024-07-12 09:05:20,2.6922916666666667,511.8763500000001,7.367399999999999,250.56615939787486,10.54955,29.52709117916343,2.5813790357705684,29.010253676904394,2.438300065187781,0,1,0.23488794873555618,0.7651120512644438,client01,rnp_rj
2024-07-12 09:05:20,2024-07-23 14:48:29,11.23829861111111,495.29184999999995,7.97495,250.56615939787486,11.81775,72.1431225720789,5.559113981609507,29.010253676904394,4.358009720466925,0,1,0.3252745490169878,0.6747254509830122,client01,rnp_rj
2024-05-01 00:11:26,2024-05-22 08:19:03,21.338622685185186,516.6064000000001,12.4317,264.14349999999996,15.471580188679248,4.482679924471875,2.5279727284505014,7.980905577821681,1.7645432610929441,0,1,0.2592657731227901,0.7407342268772099,client01,rnp_sp
2024-05-22 08:19:03,2024-05-28 19:30:21,6.466180555555556,507.63225,10.86105,207.6277,15.471580188679248,32.3970104011807,1.6047862121921739,50.713213124184385,1.7645432610929441,1,0,0.21821770912940297,0.781782290870597,client01,rnp_sp
2024-05-28 19:30:21,2024-06-02 17:54:11,4.933217592592593,517.3081999999999,13.553449999999998,207.6277,15.471580188679248,6.315382053701147,2.518688662045349,50.713213124184385,1.7645432610929441,0,1,0.22074880322873058,0.7792511967712694,client01,rnp_sp
2024-06-02 17:54:11,2024-07-09 16:02:25,36.92238425925926,517.3081999999999,12.045549999999999,267.24510000000004,15.471580188679248,6.315382053701147,2.340958001714143,2.329366186665144,1.7645432610929441,0,1,0.2631605361207797,0.7368394638792203,client01,rnp_sp
2024-07-09 16:02:25,2024-07-23 14:16:07,13.926180555555556,517.3081999999999,12.045549999999999,267.24510000000004,15.471580188679248,6.315382053701147,2.340958001714143,2.329366186665144,1.7645432610929441,0,1,0.2631605361207797,0.7368394638792203,client01,rnp_sp
2024-05-01 01:46:33,2024-07-23 12:29:04,83.44619212962964,584.5346139896374,11.83245077720207,296.78717357512954,13.018085492227979,13.928936878114751,1.191241497498736,2.8601579764608975,1.1798076600658332,0,1,0.6995571498691087,0.3004428501308914,client02,gru03
2024-05-02 14:19:08,2024-05-11 14:46:32,9.019027777777778,583.24615,12.492380368098159,296.5410858895705,12.694907975460126,3.2170515967755047,8.269356960839522,0.7688353979368117,0.7973505650452472,0,1,0.32606411557630954,0.6739358844236905,client02,gru05
2024-05-11 14:46:32,2024-07-15 11:50:13,64.87755787037037,557.24335,12.492380368098159,296.5410858895705,12.694907975460126,92.55400979074184,8.269356960839522,0.7688353979368117,0.7973505650452472,0,1,0.4574079384909352,0.5425920615090648,client02,gru05
2024-05-02 17:03:26,2024-07-23 12:04:33,81.79244212962963,582.265384180791,11.785118644067795,296.57622033898303,12.627497175141244,10.914137608009467,0.7211420177102718,0.6912364021627361,0.6723260600020529,0,1,0.2897075544263915,0.7102924455736085,client02,gru06
2024-05-01 00:19:13,2024-05-01 20:44:19,0.8507638888888889,588.54585,16.7976,299.92475,17.985449999999997,16.34249132999777,0.4507597562945665,0.6304629773344973,0.5614665453782154,0,0,0.8778581454227886,0.12214185457721143,client02,rnp_rj
2024-05-01 20:44:19,2024-05-08 12:27:28,6.6549652777777775,585.7526,16.7976,299.92475,17.985449999999997,16.325122613870146,0.4507597562945665,0.6304629773344973,0.5614665453782154,1,0,0.8779861206964042,0.12201387930359578,client02,rnp_rj
2024-05-08 12:27:28,2024-05-08 20:50:17,0.3491782407407407,572.3534500000002,16.7976,299.92475,17.985449999999997,35.2213785310704,0.4507597562945665,0.6304629773344973,0.5614665453782154,1,0,0.8903789639939831,0.1096210360060169,client02,rnp_rj
2024-05-08 20:50:17,2024-05-16 16:45:28,7.829988425925926,587.70155,16.7976,299.92475,17.499450000000003,4.9588089133857185,0.4507597562945665,0.6304629773344973,0.4241837331554384,1,0,0.8707854888412238,0.12921451115877627,client02,rnp_rj
2024-05-16 16:45:28,2024-05-17 13:39:12,0.8706481481481482,578.87345,16.7976,299.92475,17.499450000000003,32.63193472896241,0.4507597562945665,0.6304629773344973,0.4241837331554384,1,0,0.8889716026997847,0.1110283973002153,client02,rnp_rj
2024-05-17 13:39:12,2024-05-26 01:58:28,8.513379629629629,591.2351,16.7976,299.92475,17.499450000000003,3.4416327199379313,0.4507597562945665,0.6304629773344973,0.4241837331554384,1,0,0.8695576590587654,0.13044234094123464,client02,rnp_rj
2024-05-26 01:58:28,2024-06-02 09:05:09,7.29630787037037,591.4174999999999,16.7976,299.92475,19.026899999999998,3.1688734093066193,0.4507597562945665,0.6304629773344973,4.334371974176456,1,0,0.8334691406426927,0.16653085935730724,client02,rnp_rj
2024-06-02 09:05:09,2024-06-04 17:50:32,2.364849537037037,554.0859,16.7976,299.92475,25.381899999999998,78.37092082351919,0.4507597562945665,0.6304629773344973,17.153997990034426,1,0,0.762839828505302,0.23716017149469804,client02,rnp_rj
2024-06-04 17:50:32,2024-06-06 14:49:08,1.8740277777777778,586.6656500000001,16.4011,299.2534,17.540999999999997,9.681200699103162,0.4876341272975708,1.5187469350196448,0.4622869922006191,1,0,0.8720903769465063,0.12790962305349377,client02,rnp_rj
2024-06-06 14:49:08,2024-06-08 10:34:04,1.8228703703703704,590.16715,16.4011,299.2534,17.540999999999997,2.967063536385317,0.4876341272975708,1.5187469350196448,0.4622869922006191,1,0,0.8672798124934067,0.13272018750659337,client02,rnp_rj
2024-06-08 10:34:04,2024-06-10 06:46:11,1.8417476851851853,587.90785,16.4011,299.2534,17.540999999999997,4.422435507547969,0.4876341272975708,1.5187469350196448,0.4622869922006191,1,0,0.8684151915588763,0.1315848084411237,client02,rnp_rj
2024-06-10 06:46:11,2024-06-18 02:19:14,7.814618055555556,590.5155000000002,16.4011,299.2534,17.540999999999997,1.6440805941315608,0.4876341272975708,1.5187469350196448,0.4622869922006191,1,0,0.8663324422013366,0.13366755779866338,client02,rnp_rj
2024-06-18 02:19:14,2024-06-29 07:02:28,11.196689814814814,579.6718000000001,16.4011,299.2534,19.675099999999997,28.312673001400107,0.4876341272975708,1.5187469350196448,4.89416708574175,1,0,0.8479201124389766,0.15207988756102336,client02,rnp_rj
2024-06-29 07:02:28,2024-07-06 10:19:25,7.136770833333333,584.54565,16.7673,297.96450000000004,19.675099999999997,18.368459515602176,0.5914035135078872,6.082541907182517,4.89416708574175,1,0,0.8379850807709613,0.16201491922903868,client02,rnp_rj
2024-07-06 10:19:25,2024-07-23 12:53:23,17.106921296296296,578.6470500000001,16.28785,297.96450000000004,19.675099999999997,42.527570963435,0.39478725450017926,6.082541907182517,4.89416708574175,0,0,0.8529437878529785,0.14705621214702147,client02,rnp_rj
2024-05-01 06:40:22,2024-05-04 10:53:03,3.175474537037037,593.4381000000001,9.75345,301.0026902887139,10.92585,12.486033211468518,0.6503595341687631,0.8558842880117372,0.406463473467368,0,0,0.821075489276064,0.17892451072393603,client02,rnp_sp
2024-05-04 10:53:03,2024-05-15 01:52:28,10.624594907407408,589.86695,9.75345,301.0026902887139,10.92585,25.9922652350656,0.6503595341687631,0.8558842880117372,0.406463473467368,1,0,0.8330541660617279,0.16694583393827206,client02,rnp_sp
2024-05-15 01:52:28,2024-05-19 04:46:18,4.120717592592593,595.9424499999999,9.300050000000002,301.0026902887139,10.623050000000001,2.459674015093529,0.5238871388099982,0.8558842880117372,0.5119337410868303,1,0,0.8056849577926495,0.19431504220735052,client02,rnp_sp
2024-05-19 04:46:18,2024-05-25 05:48:03,6.042881944444445,596.43335,9.300050000000002,301.0026902887139,10.623050000000001,2.118231021519219,0.5238871388099982,0.8558842880117372,0.5119337410868303,1,0,0.8053239418904032,0.19467605810959673,client02,rnp_sp
2024-05-25 05:48:03,2024-06-06 05:36:11,11.99175925925926,597.0588,9.300050000000002,301.0026902887139,10.623050000000001,2.696793214561557,0.5238871388099982,0.8558842880117372,0.5119337410868303,1,0,0.8058292986354807,0.19417070136451933,client02,rnp_sp
2024-06-06 05:36:11,2024-06-07 15:04:12,1.3944560185185184,579.7428,9.300050000000002,301.0026902887139,10.623050000000001,37.273910247192866,0.5238871388099982,0.8558842880117372,0.5119337410868303,1,0,0.837727619685012,0.162272380314988,client02,rnp_sp
2024-06-07 15:04:12,2024-06-18 16:32:30,11.061319444444445,596.32395,9.300050000000002,301.0026902887139,10.623050000000001,2.0476893646768115,0.5238871388099982,0.8558842880117372,0.5119337410868303,1,0,0.8052646758581257,0.19473532414187428,client02,rnp_sp
2024-06-18 16:32:30,2024-06-22 07:55:20,3.6408564814814817,594.063,9.300050000000002,301.0026902887139,10.623050000000001,4.707980704695969,0.5238871388099982,0.8558842880117372,0.5119337410868303,1,0,0.8079517969878853,0.1920482030121147,client02,rnp_sp
2024-06-22 07:55:20,2024-07-23 13:20:32,31.225833333333334,578.06005,9.300050000000002,301.0026902887139,10.623050000000001,80.11234154510447,0.5238871388099982,0.8558842880117372,0.5119337410868303,0,0,0.8701915137135503,0.12980848628644975,client02,rnp_sp
2024-05-01 02:19:32,2024-07-19 15:17:26,79.54020833333334,82.0650635678392,236.63704999999996,66.15302673115578,249.019,5.729552147514454,4.531715551474263,16.506979465926037,7.986198476450681,0,0,0.9998614650291229,0.00013853497087712267,client03,gru03
2024-05-02 14:26:23,2024-07-14 00:58:29,72.43895833333333,671.3812747252747,28.071774725274725,122.83438560818679,123.75137912087914,19.013718528993728,1.252346513050571,28.939514884348945,37.911250994837864,0,1,0.008748639292565419,0.9912513607074346,client03,gru05
2024-05-03 02:32:20,2024-07-19 16:04:29,77.56399305555556,676.2545182926829,27.815689024390238,122.5573370609756,118.48260975609757,22.470048660184837,1.1964403880208099,30.591701611362087,41.4894155174756,0,1,0.01063082177108221,0.9893691782289178,client03,gru06
2024-05-01 00:19:05,2024-05-31 05:28:23,30.214791666666667,710.8812499999999,20.245923653715064,126.73813772718474,103.31924999999998,37.80469499647255,6.166407615424862,30.447481293666517,40.75613578846619,0,1,0.15289966838502744,0.8471003316149726,client03,rnp_rj
2024-05-31 05:28:23,2024-06-19 01:45:04,18.84491898148148,715.50025,20.245923653715064,126.73813772718474,91.67654999999999,20.270098644048918,6.166407615424862,30.447481293666517,58.17058371220303,1,1,0.03465805640465491,0.9653419435953451,client03,rnp_rj
2024-06-19 01:45:04,2024-07-15 13:29:32,26.489212962962963,636.3691,20.245923653715064,126.73813772718474,91.67654999999999,144.4691166053365,6.166407615424862,30.447481293666517,58.17058371220303,1,1,0.07343964746594722,0.9265603525340528,client03,rnp_rj
2024-07-15 13:29:32,2024-07-19 19:34:21,4.253344907407407,672.8701,20.245923653715064,126.73813772718474,91.67654999999999,114.47304413928978,6.166407615424862,30.447481293666517,58.17058371220303,0,1,0.06097534945172223,0.9390246505482778,client03,rnp_rj
2024-05-01 01:27:30,2024-07-19 16:29:06,79.62611111111111,642.164342291372,28.002408769448376,122.8871758132956,116.68668033946251,51.53231680697627,1.9051698818862586,32.72867063803641,42.367469996488325,0,1,0.13291137837663436,0.8670886216233656,client03,rnp_sp
2024-05-23 08:15:10,2024-06-26 04:29:27,33.84325231481481,612.91585,8.553300000000002,253.22349999999997,8.7479,3.1979596336447114,0.19274911427197675,25.90949054019842,0.2561204280884494,0,1,0.16571450093225748,0.8342854990677425,client04,gru03
2024-06-26 04:29:27,2024-07-23 10:43:11,27.25953703703704,905.5549500000001,14.9589,499.9325,28.1227,5.214828850953486,1.3280706583929225,2.101489183763188,2.8111495700626032,0,1,0.17592606321819682,0.8240739367818032,client04,gru03
2024-05-23 04:53:09,2024-06-26 07:22:09,34.10347222222222,609.45305,8.86325,268.0734,9.014299999999999,4.129367116985615,0.13751856334021906,33.32893562404264,0.17539882373727908,0,1,0.03216679383679011,0.9678332061632099,client04,gru06
2024-06-26 07:22:09,2024-07-23 13:46:11,27.266689814814814,881.8483,15.097299999999999,499.533,26.883599999999994,64.12890415659943,1.5306953390706561,1.3372170236805494,3.6698820632133033,0,1,0.0495186046434265,0.9504813953565735,client04,gru06
2024-05-22 21:05:30,2024-06-15 03:06:04,23.250393518518518,632.65285,3.00185,571.57435,3.3747,19.792920928227147,0.751607419573473,105.58627977120742,3.1708375466694,0,1,0.10504495138298042,0.8949550486170196,client04,rnp_rj
2024-06-15 03:06:04,2024-06-18 00:49:18,2.9050231481481483,638.8938999999998,2.6384,604.27665,2.98775,13.366583139739904,0.4908390667761524,5.149033902996816,1.7884630530445027,1,0,0.20308550370016787,0.7969144962998321,client04,rnp_rj
2024-06-18 00:49:18,2024-06-26 07:47:30,8.290416666666667,620.4939,2.6384,595.22685,2.98775,88.05106812580264,0.4908390667761524,43.47590888644688,1.7884630530445027,1,0,0.23207752183808494,0.7679224781619151,client04,rnp_rj
2024-06-26 07:47:30,2024-07-23 14:36:11,27.28380787037037,849.7257999999999,17.371599999999994,470.25421499999993,30.41305,59.14677608832205,0.4243136129153331,95.7948722416716,4.958933782631737,0,1,0.24226936457072,0.75773063542928,client04,rnp_rj
2024-05-22 18:24:33,2024-06-06 05:35:10,14.46570601851852,622.26935,9.615549999999999,228.91400000000004,9.5185,3.7756870308942547,0.12644177982063723,18.899087530187387,0.13860716925332914,0,1,0.32962560825343423,0.6703743917465658,client04,rnp_sp
2024-06-06 05:35:10,2024-06-26 03:37:23,19.918206018518518,610.5573,9.71435,228.91400000000004,9.672900000000002,34.345568765126025,0.2994514766069877,18.899087530187387,0.28094874977475864,1,1,0.3758561264729001,0.6241438735270999,client04,rnp_sp
2024-06-26 03:37:23,2024-07-01 09:02:06,5.225497685185185,910.6067500000001,9.71435,507.62390000000005,24.105199999999996,7.283362235981832,0.2994514766069877,2.8090502965274644,4.352766774072979,1,0,0.22710186601803284,0.7728981339819672,client04,rnp_sp
2024-07-01 09:02:06,2024-07-21 05:13:24,19.841180555555557,868.1764999999999,10.843800000000002,507.62390000000005,24.105199999999996,150.27665186108902,3.879851429602617,2.8090502965274644,4.352766774072979,1,1,0.5147761930077331,0.48522380699226686,client04,rnp_sp
2024-07-21 05:13:24,2024-07-23 13:22:13,2.3394560185185185,868.1764999999999,10.173449999999999,507.62390000000005,24.105199999999996,150.27665186108902,2.463053613430203,2.8090502965274644,4.352766774072979,0,1,0.47396213341179405,0.526037866588206,client04,rnp_sp
2024-05-01 00:09:19,2024-05-12 05:41:28,11.230659722222223,176.4132,122.22109999999995,171.82552,125.01960000000001,9.1602453747875,0.5468283575598284,27.308791984645378,1.3661290453032082,0,0,0.9310975545486118,0.0689024454513883,client05,gru03
2024-05-12 05:41:28,2024-05-24 09:59:33,12.179224537037037,155.724585,122.22109999999995,174.82245000000003,125.01960000000001,34.97339174476678,0.5468283575598284,7.208228108977452,1.3661290453032082,1,0,0.9491180055152852,0.050881994484714796,client05,gru03
2024-05-24 09:59:33,2024-06-02 14:22:08,9.182349537037037,517.47857,15.47185,795.90506,13.645349999999999,205.94330346034843,0.7299695217141458,178.4338255886431,1.7181464699219513,0,1,0.033995689667080775,0.9660043103329192,client05,gru03
2024-06-02 14:22:08,2024-07-03 12:34:29,30.925243055555555,517.47857,15.47185,795.90506,13.645349999999999,205.94330346034843,0.7299695217141458,178.4338255886431,1.7181464699219513,0,1,0.033995689667080775,0.9660043103329192,client05,gru03
2024-07-03 12:34:29,2024-07-08 13:04:12,5.020636574074074,517.47857,15.47185,795.90506,13.645349999999999,205.94330346034843,0.7299695217141458,178.4338255886431,1.7181464699219513,0,1,0.033995689667080775,0.9660043103329192,client05,gru03
2024-05-03 10:31:24,2024-06-02 00:08:26,29.56738425925926,611.7727169811321,14.862169811320756,823.3938301886792,12.435150943396229,115.54057375507735,0.48610140959813863,76.3705052743309,0.8030039410737995,0,1,0.004342048980830349,0.9956579510191697,client05,gru05
2024-06-02 00:08:26,2024-07-03 11:16:12,31.463726851851852,611.7727169811321,14.862169811320756,823.3938301886792,12.435150943396229,115.54057375507735,0.48610140959813863,76.3705052743309,0.8030039410737995,0,1,0.004342048980830349,0.9956579510191697,client05,gru05
2024-07-03 11:16:12,2024-07-08 17:16:35,5.250266203703704,611.7727169811321,14.862169811320756,823.3938301886792,12.435150943396229,115.54057375507735,0.48610140959813863,76.3705052743309,0.8030039410737995,0,1,0.004342048980830349,0.9956579510191697,client05,gru05
2024-05-02 22:27:15,2024-06-02 16:42:31,30.760601851851852,616.8307745098039,14.775558823529412,833.2939901960785,12.423872549019606,109.85728491208756,0.5401103402767343,57.641820946854295,0.7656923828663682,0,1,0.008319373153910292,0.9916806268460897,client05,gru06
2024-06-02 16:42:31,2024-07-03 08:17:39,30.649398148148148,616.8307745098039,14.775558823529412,833.2939901960785,12.423872549019606,109.85728491208756,0.5401103402767343,57.641820946854295,0.7656923828663682,0,1,0.008319373153910292,0.9916806268460897,client05,gru06
2024-07-03 08:17:39,2024-07-07 13:22:04,4.211400462962963,616.8307745098039,14.775558823529412,833.2939901960785,12.423872549019606,109.85728491208756,0.5401103402767343,57.641820946854295,0.7656923828663682,0,1,0.008319373153910292,0.9916806268460897,client05,gru06
2024-05-01 02:27:26,2024-05-01 21:14:05,0.7823958333333333,579.9866999999999,21.099654829545454,823.1189499999998,19.44505255681818,161.28052590834918,4.068610703903698,74.78690196430402,3.54615413323172,0,1,0.18085780221562486,0.8191421977843751,client05,rnp_rj
2024-05-01 21:14:05,2024-06-02 17:09:04,31.82984953703704,602.9744000000001,21.099654829545454,823.1189499999998,19.44505255681818,152.43885566468245,4.068610703903698,74.78690196430402,3.54615413323172,0,1,0.17150489934958424,0.8284951006504158,client05,rnp_rj
2024-06-02 17:09:04,2024-07-03 10:50:04,30.736805555555556,602.9744000000001,21.099654829545454,839.7504999999999,19.44505255681818,152.43885566468245,4.068610703903698,56.52208981637646,3.54615413323172,0,1,0.1893998815236605,0.8106001184763395,client05,rnp_rj
2024-07-03 10:50:04,2024-07-06 12:01:30,3.0496064814814816,602.9744000000001,21.099654829545454,839.7504999999999,19.44505255681818,152.43885566468245,4.068610703903698,56.52208981637646,3.54615413323172,0,1,0.1893998815236605,0.8106001184763395,client05,rnp_rj
2024-07-06 12:01:30,2024-07-08 16:13:03,2.1746875,337.85059599999994,21.099654829545454,839.7504999999999,19.44505255681818,259.94799499282385,4.068610703903698,56.52208981637646,3.54615413323172,0,1,0.336951503668354,0.663048496331646,client05,rnp_rj
2024-05-01 01:06:22,2024-06-02 17:34:29,32.68619212962963,620.180151951952,15.710726726726728,804.8724264264265,12.850918918918921,141.2467954156744,1.357932373766562,106.76444001440132,1.407457952474734,0,1,0.08498679829087508,0.9150132017091249,client05,rnp_sp
2024-06-02 17:34:29,2024-07-03 10:23:17,30.700555555555557,620.180151951952,15.710726726726728,804.8724264264265,12.850918918918921,141.2467954156744,1.357932373766562,106.76444001440132,1.407457952474734,0,1,0.08498679829087508,0.9150132017091249,client05,rnp_sp
2024-07-03 10:23:17,2024-07-08 16:52:33,5.270324074074074,620.180151951952,15.710726726726728,804.8724264264265,12.850918918918921,141.2467954156744,1.357932373766562,106.76444001440132,1.407457952474734,0,1,0.08498679829087508,0.9150132017091249,client05,rnp_sp
2024-05-02 10:09:33,2024-05-23 23:17:10,21.546956018518518,164.75838499999998,120.1795,182.3254,120.96624999999999,17.323229991037895,6.722592948213394,6.878563018538103,3.4866580873984545,0,0,0.9838333577915102,0.0161666422084898,client06,gru03
2024-05-23 23:17:10,2024-05-24 21:36:07,0.9298263888888889,130.867395,120.2941,155.32274999999998,147.06734999999998,62.18856130571954,3.349636930836096,48.605846568369685,44.59967561396666,1,0,0.7117504434916284,0.28824955650837153,client06,gru03
2024-05-24 21:36:07,2024-06-02 17:51:21,8.843912037037038,168.88044999999997,119.16370000000002,182.8887,121.51705,9.88390388712881,3.104810666318353,5.970024650394318,3.6144918034722964,0,0,0.9751578864710759,0.024842113528924088,client06,gru03
2024-06-02 17:51:21,2024-07-17 16:03:18,44.92496527777778,168.88044999999997,13.424699999999998,866.5628999999999,15.673649999999999,9.88390388712881,1.4989616441144566,19.65980531279092,2.436844017533636,0,1,0.09388354872915516,0.9061164512708448,client06,gru03
2024-07-17 16:03:18,2024-07-17 21:53:37,0.24327546296296296,168.88044999999997,13.424699999999998,866.5628999999999,15.673649999999999,9.88390388712881,1.4989616441144566,19.65980531279092,2.436844017533636,0,1,0.09388354872915516,0.9061164512708448,client06,gru03
2024-07-17 21:53:37,2024-07-19 20:35:32,1.9457754629629629,154.71744500000003,13.424699999999998,866.5628999999999,15.673649999999999,34.44028627016661,1.4989616441144566,19.65980531279092,2.436844017533636,0,1,0.10801084534742889,0.8919891546525711,client06,gru03
2024-05-02 13:50:19,2024-06-02 13:51:28,31.00079861111111,850.856921875,14.6509609375,856.6102812500001,12.6826171875,32.441273460560886,1.1391123713429543,51.899540716459256,0.8006740064749247,0,1,0.007564955946649854,0.9924350440533501,client06,gru05
2024-05-02 15:05:08,2024-06-02 13:11:14,30.920902777777776,864.3102999999999,14.441622377622378,854.9903041958042,12.747723776223777,13.393775840803233,1.2451183516166535,56.678853780785225,1.0124684048409258,0,1,0.011040383758401329,0.9889596162415987,client06,gru06
2024-06-02 13:11:14,2024-07-17 15:51:30,45.111296296296295,243.94571000000002,14.441622377622378,854.9903041958042,12.747723776223777,222.19935272480905,1.2451183516166535,56.678853780785225,1.0124684048409258,0,1,0.050358116090646776,0.9496418839093532,client06,gru06
2024-07-17 15:51:30,2024-07-19 19:46:04,2.1628935185185183,243.94571000000002,14.441622377622378,854.9903041958042,12.747723776223777,222.19935272480905,1.2451183516166535,56.678853780785225,1.0124684048409258,0,1,0.050358116090646776,0.9496418839093532,client06,gru06
2024-05-02 16:55:11,2024-06-02 18:02:30,31.046747685185185,786.6199098360656,19.0852131147541,847.63835,18.966774590163933,184.3360993128269,2.7380308060969547,39.77648412696416,3.0177447733170792,0,1,0.39660461564205274,0.6033953843579473,client06,rnp_rj
2024-06-02 18:02:30,2024-07-17 16:52:15,44.95121527777778,786.6199098360656,19.0852131147541,776.87495,18.966774590163933,184.3360993128269,2.7380308060969547,179.6818899627236,3.0177447733170792,0,1,0.1930242062690487,0.8069757937309513,client06,rnp_rj
2024-07-17 16:52:15,2024-07-19 13:52:24,1.8751041666666666,786.6199098360656,19.0852131147541,776.87495,18.966774590163933,184.3360993128269,2.7380308060969547,179.6818899627236,3.0177447733170792,0,1,0.1930242062690487,0.8069757937309513,client06,rnp_rj
2024-05-02 12:14:06,2024-05-22 05:14:07,19.708344907407408,889.0246000000001,13.411663829787233,823.0576085106383,12.726468085106385,63.000560387983846,0.9151464747609102,109.91338443621026,1.2689235873598865,0,1,0.10236532898228645,0.8976346710177135,client06,rnp_sp
2024-05-22 05:14:07,2024-05-28 21:58:05,6.697199074074074,912.6178499999999,13.411663829787233,823.0576085106383,12.726468085106385,8.368988716339057,0.9151464747609102,109.91338443621026,1.2689235873598865,1,0,0.07485847273951685,0.9251415272604832,client06,rnp_sp
2024-05-28 21:58:05,2024-05-31 14:08:14,2.6737152777777777,874.03945,13.411663829787233,823.0576085106383,12.726468085106385,104.50693055863253,0.9151464747609102,109.91338443621026,1.2689235873598865,1,0,0.12876889717478146,0.8712311028252185,client06,rnp_sp
2024-05-31 14:08:14,2024-06-02 16:48:18,2.1111574074074073,697.200365,13.411663829787233,823.0576085106383,12.726468085106385,336.28773499603494,0.9151464747609102,109.91338443621026,1.2689235873598865,0,1,0.3964206614764153,0.6035793385235847,client06,rnp_sp
2024-06-02 16:48:18,2024-07-17 16:28:23,44.986168981481484,697.200365,13.411663829787233,823.0576085106383,12.726468085106385,336.28773499603494,0.9151464747609102,109.91338443621026,1.2689235873598865,0,1,0.3964206614764153,0.6035793385235847,client06,rnp_sp
2024-07-17 16:28:23,2024-07-19 16:17:52,1.9926967592592593,697.200365,13.411663829787233,823.0576085106383,12.726468085106385,336.28773499603494,0.9151464747609102,109.91338443621026,1.2689235873598865,0,1,0.3964206614764153,0.6035793385235847,client06,rnp_sp
2024-05-02 10:19:00,2024-06-16 17:30:29,45.2996412037037,166.103145,122.28495000000001,173.99998,124.76999999999998,33.58828757530745,17.032720493756155,26.05378448977382,17.123111193570182,0,0,0.9980963467724284,0.0019036532275715744,client07,gru03
2024-06-16 17:30:29,2024-06-28 14:11:18,11.86167824074074,138.32496791500003,118.74705000000002,168.7442425,121.81420000000003,56.824558344057614,3.0631875979975995,43.196841405877656,3.3162755043953496,1,0,0.9970187143426195,0.0029812856573804987,client07,gru03
2024-06-28 14:11:18,2024-07-01 13:26:08,2.968634259259259,94.71927500000001,207.10240000000005,104.085475,211.81479999999996,26.55944998669321,37.89316703909336,36.79846348853047,41.59287261513621,1,0,0.9999661233618968,3.387663810315801e-05,client07,gru03
2024-07-01 13:26:08,2024-07-09 21:04:16,8.318148148148149,163.21205,120.28614999999999,181.44930000000002,121.51649999999998,7.069248664573833,3.388656204316487,8.604210444831491,6.32130158565798,1,0,0.9963134997741553,0.0036865002258447384,client07,gru03
2024-07-09 21:04:16,2024-07-17 12:59:09,7.663113425925926,537.5452035000001,20.777499999999996,619.0632373999999,19.84315,339.6363219008393,22.89159712875585,231.2448061114364,23.287361476888343,1,0,0.7615075718257484,0.23849242817425162,client07,gru03
2024-07-17 12:59:09,2024-07-23 14:50:21,6.077222222222222,170.02895,14.38555,619.0632373999999,19.84315,14.627453793160742,1.7714425722676155,231.2448061114364,23.287361476888343,0,1,0.04908350446537102,0.950916495534629,client07,gru03
2024-05-02 17:57:03,2024-06-02 03:24:24,30.393993055555555,846.2423647798742,14.632742138364778,790.4039056603773,12.63259748427673,21.019604371381128,0.9143753018209801,121.49615004729091,0.8784047690111201,0,1,0.03482944945300448,0.9651705505469955,client07,gru05
2024-06-02 03:24:24,2024-06-05 06:47:24,3.140972222222222,846.2423647798742,14.632742138364778,790.4039056603773,12.63259748427673,21.019604371381128,0.9143753018209801,121.49615004729091,0.8784047690111201,0,1,0.03482944945300448,0.9651705505469955,client07,gru05
2024-06-05 06:47:24,2024-06-27 13:25:09,22.276215277777776,846.2423647798742,14.632742138364778,790.4039056603773,12.63259748427673,21.019604371381128,0.9143753018209801,121.49615004729091,0.8784047690111201,0,1,0.03482944945300448,0.9651705505469955,client07,gru05
2024-06-27 13:25:09,2024-06-30 15:43:23,3.09599537037037,846.2423647798742,14.632742138364778,790.4039056603773,12.63259748427673,21.019604371381128,0.9143753018209801,121.49615004729091,0.8784047690111201,0,1,0.03482944945300448,0.9651705505469955,client07,gru05
2024-06-30 15:43:23,2024-07-15 02:18:06,14.440775462962963,846.2423647798742,14.632742138364778,790.4039056603773,12.63259748427673,21.019604371381128,0.9143753018209801,121.49615004729091,0.8784047690111201,0,1,0.03482944945300448,0.9651705505469955,client07,gru05
2024-05-02 15:01:27,2024-07-23 12:41:04,81.90251157407407,799.9704390047394,15.22877251184834,664.5848,12.77432701421801,169.68958185695894,7.261512549075685,142.40363333020022,1.6325324184574026,0,1,0.22635614500219714,0.7736438549978029,client07,gru06
2024-05-02 10:54:27,2024-06-16 05:53:30,44.79100694444445,762.5355999999999,19.105360610263524,685.6968999999999,19.941899999999997,132.0666794393929,3.160009793913382,180.36566045876447,3.1585089236936836,0,1,0.6330363877682805,0.3669636122317195,client07,rnp_rj
2024-06-16 05:53:30,2024-06-22 19:04:22,6.549212962962963,822.3776,19.105360610263524,723.3814,19.941899999999997,126.767953988629,3.160009793913382,199.13547752364073,3.1585089236936836,1,0,0.569582498395955,0.43041750160404496,client07,rnp_rj
2024-06-22 19:04:22,2024-06-23 08:42:19,0.5680208333333333,855.34375,19.105360610263524,723.3814,18.44075,93.9892296074256,3.160009793913382,199.13547752364073,1.1548894626987605,1,0,0.5503921134766596,0.4496078865233403,client07,rnp_rj
2024-06-23 08:42:19,2024-07-04 21:19:15,11.525648148148148,829.06825,19.105360610263524,723.3814,18.44075,92.34652080294035,3.160009793913382,199.13547752364073,1.1548894626987605,1,0,0.5509459409367319,0.4490540590632681,client07,rnp_rj
2024-07-04 21:19:15,2024-07-06 12:24:03,1.6283333333333334,867.5094499999999,19.105360610263524,723.3814,18.44075,52.68677547591994,3.160009793913382,199.13547752364073,1.1548894626987605,1,0,0.48637328963164006,0.5136267103683599,client07,rnp_rj
2024-07-06 12:24:03,2024-07-16 09:23:08,9.874363425925926,376.725752,19.105360610263524,723.3814,18.44075,405.1628555301776,3.160009793913382,199.13547752364073,1.1548894626987605,1,0,0.9102635901173081,0.08973640988269195,client07,rnp_rj
2024-07-16 09:23:08,2024-07-22 13:55:08,6.188888888888889,380.1289335,19.105360610263524,723.3814,18.44075,304.84791451200346,3.160009793913382,199.13547752364073,1.1548894626987605,1,0,0.8462346831744642,0.15376531682553582,client07,rnp_rj
2024-07-22 13:55:08,2024-07-23 13:59:22,1.0029398148148148,753.87735,19.105360610263524,723.3814,18.44075,228.54095674754137,3.160009793913382,199.13547752364073,1.1548894626987605,0,0,0.7441265144756586,0.25587348552434136,client07,rnp_rj
2024-05-02 10:43:04,2024-05-18 01:57:48,15.635231481481481,863.1974,14.5445,549.8371999999999,12.8185,17.290948375561012,0.8028720485331329,142.29639295557854,0.9635396640567147,0,1,0.46657637530555585,0.5334236246944442,client07,rnp_sp
2024-05-18 01:57:48,2024-06-12 00:32:23,24.94068287037037,877.7882,14.5445,829.4983,12.8185,98.57116940865353,0.8028720485331329,80.23169670995307,0.9635396640567147,1,1,0.607423471772742,0.392576528227258,client07,rnp_sp
2024-06-12 00:32:23,2024-06-19 11:46:04,7.4678356481481485,906.4887000000001,14.58545,829.4983,12.8185,11.549688166672226,6.135614433050096,80.23169670995307,0.9635396640567147,1,0,0.6057228344632735,0.3942771655367265,client07,rnp_sp
2024-06-19 11:46:04,2024-06-29 00:17:10,9.521597222222223,890.5230999999998,14.58545,829.4983,12.8185,69.8262564527127,6.135614433050096,80.23169670995307,0.9635396640567147,1,0,0.6880702314227509,0.311929768577249,client07,rnp_sp
2024-06-29 00:17:10,2024-06-30 17:30:25,1.7175347222222221,812.36384,14.58545,829.4983,12.8185,214.20804474235692,6.135614433050096,80.23169670995307,0.9635396640567147,1,0,0.8462265672203082,0.15377343277969177,client07,rnp_sp
2024-06-30 17:30:25,2024-07-06 05:39:17,5.506157407407407,911.1808500000003,14.58545,829.4983,12.8185,12.347259062024124,6.135614433050096,80.23169670995307,0.9635396640567147,1,0,0.6063593388349401,0.3936406611650599,client07,rnp_sp
2024-07-06 05:39:17,2024-07-23 14:25:10,17.36519675925926,522.3625519999999,14.58545,829.4983,12.8185,420.5798078857379,6.135614433050096,80.23169670995307,0.9635396640567147,0,0,0.9566844672539289,0.04331553274607116,client07,rnp_sp
2024-05-02 13:30:02,2024-06-28 17:37:06,57.17157407407407,203.21574999999999,114.5568,170.50786,127.26935000000003,143.36874410373267,21.967511469632175,37.258724400113046,27.54689631629172,0,0,0.9930434078596468,0.00695659214035318,client08,gru03
2024-06-28 17:37:06,2024-07-01 13:59:07,2.8486226851851852,85.42700500000001,222.9927,90.36783,228.65,4.157367594052631,3.308419834301567,1.3740708363338339,3.4730436825719058,1,0,0.9999140593972984,8.594060270157228e-05,client08,gru03
2024-07-01 13:59:07,2024-07-09 14:01:18,8.001516203703703,166.06940000000003,119.45540000000001,179.81074999999998,123.37030000000001,8.25978637674569,3.1322820905430673,8.456135000385038,5.75184483082556,1,0,0.9864955510763814,0.013504448923618595,client08,gru03
2024-07-09 14:01:18,2024-07-17 21:45:05,8.32207175925926,744.2578,20.4899,858.077,15.365299999999996,176.80091707448508,4.416879690460223,16.897906435258086,0.8690092422741511,1,0,0.48172013565297234,0.5182798643470277,client08,gru03
2024-07-17 21:45:05,2024-07-23 13:35:16,5.659849537037037,173.86365,20.4899,858.077,15.365299999999996,10.998282302609566,4.416879690460223,16.897906435258086,0.8690092422741511,0,1,0.30665266025553717,0.6933473397444628,client08,gru03
2024-05-02 17:59:28,2024-07-15 08:49:05,73.61778935185185,768.1740678698226,23.517881656804732,826.4282366863904,13.233674556213018,106.76850196602338,10.385913864241092,71.32099242252677,1.0328177508888685,0,1,0.07433755652809304,0.925662443471907,client08,gru05
2024-05-02 15:03:17,2024-06-09 09:16:32,37.75920138888889,754.8730985698325,23.168550000000003,831.5224499999998,13.337000000000002,147.48815352769935,1.052199674616542,64.10104745549877,1.025873812245778,0,1,0.06843453158308599,0.931565468416914,client08,gru06
2024-06-09 09:16:32,2024-06-13 00:22:14,3.6289583333333333,754.8730985698325,23.168550000000003,831.5224499999998,13.337000000000002,147.48815352769935,1.052199674616542,64.10104745549877,1.025873812245778,0,1,0.06843453158308599,0.931565468416914,client08,gru06
2024-06-13 00:22:14,2024-07-12 03:37:14,29.135416666666668,754.8730985698325,23.168550000000003,831.5224499999998,13.337000000000002,147.48815352769935,1.052199674616542,64.10104745549877,1.025873812245778,0,1,0.06843453158308599,0.931565468416914,client08,gru06
2024-07-12 03:37:14,2024-07-15 10:31:37,3.2877662037037036,754.8730985698325,30.666949999999996,846.97945,13.337000000000002,147.48815352769935,29.813190313711456,27.257515144258356,1.025873812245778,0,0,0.6857527483880393,0.31424725161196065,client08,gru06
2024-07-15 10:31:37,2024-07-19 07:41:12,3.8816550925925926,754.8730985698325,30.666949999999996,846.97945,13.337000000000002,147.48815352769935,29.813190313711456,27.257515144258356,1.025873812245778,0,0,0.6857527483880393,0.31424725161196065,client08,gru06
2024-07-19 07:41:12,2024-07-23 07:12:21,3.9799652777777776,754.8730985698325,30.666949999999996,846.97945,13.337000000000002,147.48815352769935,29.813190313711456,27.257515144258356,1.025873812245778,0,0,0.6857527483880393,0.31424725161196065,client08,gru06
2024-05-02 15:33:23,2024-05-29 00:00:09,26.351921296296297,761.2954000000001,24.14740240452617,783.0924499999999,19.503264497878362,69.44747671623954,3.901084441751879,113.1482724799981,4.743535877904434,0,1,0.3386361972202817,0.6613638027797183,client08,rnp_rj
2024-05-29 00:00:09,2024-06-15 07:32:24,17.3140625,790.9549999999999,24.14740240452617,760.0804999999999,19.503264497878362,50.96678125066005,3.901084441751879,115.0185929429627,4.743535877904434,1,1,0.31505886149896756,0.6849411385010324,client08,rnp_rj
2024-06-15 07:32:24,2024-07-19 04:02:20,33.85412037037037,690.7528500000001,24.14740240452617,760.0804999999999,19.503264497878362,111.28518061235147,3.901084441751879,115.0185929429627,4.743535877904434,1,0,0.41018028123590766,0.5898197187640923,client08,rnp_rj
2024-07-19 04:02:20,2024-07-23 14:00:29,4.415381944444444,182.63645000000002,24.14740240452617,760.0804999999999,19.503264497878362,4.080852845268599,3.901084441751879,115.0185929429627,4.743535877904434,0,1,0.31462408121459584,0.6853759187854042,client08,rnp_rj
2024-05-02 19:34:16,2024-07-17 20:25:28,76.03555555555556,789.4080999999999,20.526000000000003,776.26045,13.057385630498532,93.68087980670279,2.906345399113355,149.10467337886635,1.391580903868166,0,1,0.2720760164835354,0.7279239835164646,client08,rnp_sp
2024-07-17 20:25:28,2024-07-23 15:07:27,5.7791550925925925,175.6965,26.447000000000003,828.7948,13.057385630498532,18.852004253352508,22.764591281429286,58.58973449836988,1.391580903868166,0,0,0.841431961897942,0.15856803810205794,client08,rnp_sp
2024-05-03 16:34:05,2024-05-24 21:22:05,21.2,169.93645,119.80805000000001,184.5356,120.6231,13.03848458047419,11.21620283093779,5.132468446848432,3.271159281066158,0,0,0.9946896359268281,0.005310364073171823,client09,gru03
2024-05-24 21:22:05,2024-06-05 22:44:30,12.057233796296297,172.98535,116.55600000000001,184.5356,121.62894999999999,7.818198010680627,2.6757094681401314,5.132468446848432,3.4423224790829803,1,0,0.985793331446991,0.01420666855300903,client09,gru03
2024-06-05 22:44:30,2024-06-17 21:38:23,11.954085648148148,173.0455,117.7076,182.14875,121.12825000000001,7.345334555814466,27.729929694902047,5.529861870122217,3.215032403454616,1,0,0.9988809804976887,0.001119019502311284,client09,gru03
2024-06-17 21:38:23,2024-06-28 15:18:10,10.735960648148149,173.85805,117.7076,182.14875,121.12825000000001,11.250834113990228,27.729929694902047,5.529861870122217,3.215032403454616,1,0,0.9989067972129523,0.0010932027870476895,client09,gru03
2024-06-28 15:18:10,2024-07-01 09:53:15,2.7743634259259258,93.92688000000001,212.07614999999996,100.35769,216.43469999999996,29.552260235592986,32.07818037278529,26.30313338142335,31.43991463444283,1,0,0.999918140107183,8.185989281690278e-05,client09,gru03
2024-07-01 09:53:15,2024-07-11 01:30:31,9.65087962962963,172.32394999999997,119.8117,182.17455,121.77955,11.813151406600321,3.0800339215493624,6.553750942660322,3.8836241819777184,1,0,0.9874936554617195,0.012506344538280534,client09,gru03
2024-07-11 01:30:31,2024-07-17 03:09:32,6.068761574074074,585.3804745999998,15.90755,866.8829499999999,14.917449999999997,289.02745038771445,2.151326456789906,31.55259821393478,1.4764291729140204,1,0,0.510661782131361,0.48933821786863896,client09,gru03
2024-07-17 03:09:32,2024-07-23 10:43:14,6.315069444444444,147.0577096,15.90755,866.8829499999999,14.917449999999997,90.91110289270394,2.151326456789906,31.55259821393478,1.4764291729140204,0,1,0.2772936791819366,0.7227063208180634,client09,gru03
2024-05-03 15:37:25,2024-06-02 10:54:18,29.803391203703704,831.2484875,15.50753125,872.2996499999999,12.294787500000002,29.52260917824958,0.8734472002335986,18.837978795018827,1.0896058798610042,0,1,0.01834550707572624,0.9816544929242738,client09,gru05
2024-06-02 10:54:18,2024-06-05 12:01:29,3.0466550925925926,831.2484875,15.50753125,859.692,12.294787500000002,29.52260917824958,0.8734472002335986,43.451130136111104,1.0896058798610042,0,1,0.015406239365259644,0.9845937606347404,client09,gru05
2024-06-05 12:01:29,2024-06-29 20:20:31,24.346550925925925,831.2484875,15.50753125,859.692,12.294787500000002,29.52260917824958,0.8734472002335986,43.451130136111104,1.0896058798610042,0,1,0.015406239365259644,0.9845937606347404,client09,gru05
2024-06-29 20:20:31,2024-07-02 22:35:04,3.0934375,831.2484875,15.50753125,859.692,12.294787500000002,29.52260917824958,0.8734472002335986,43.451130136111104,1.0896058798610042,0,1,0.015406239365259644,0.9845937606347404,client09,gru05
2024-07-02 22:35:04,2024-07-15 00:30:06,12.07988425925926,831.2484875,15.50753125,859.692,12.294787500000002,29.52260917824958,0.8734472002335986,43.451130136111104,1.0896058798610042,0,1,0.015406239365259644,0.9845937606347404,client09,gru05
2024-05-03 14:50:05,2024-06-04 18:12:09,32.14032407407407,842.08925,15.2951,860.0512738095238,12.42124404761905,25.22236545080993,0.5771997647444536,54.61839769143424,1.0009458969330518,0,1,0.022864287294126262,0.9771357127058737,client09,gru06
2024-06-04 18:12:09,2024-07-23 15:01:27,48.86756944444444,790.8268579999999,20.7247,860.0512738095238,12.42124404761905,185.9269769829659,22.527276276362816,54.61839769143424,1.0009458969330518,0,1,0.4056355836468476,0.5943644163531524,client09,gru06
2024-05-03 15:12:31,2024-07-06 10:50:24,63.81797453703704,867.5812,18.980150000000002,863.4021,19.817879396984925,43.688615053882344,0.7166053215279001,40.124398075695076,5.660142075974293,0,1,0.2597233006437695,0.7402766993562305,client09,rnp_rj
2024-07-06 10:50:24,2024-07-06 21:35:07,0.4477199074074074,430.89492950000005,18.66875,849.87055,19.817879396984925,413.7457411847462,1.1777946776206705,26.89665193892512,5.660142075974293,1,0,0.8273875845728952,0.17261241542710482,client09,rnp_rj
2024-07-06 21:35:07,2024-07-21 15:09:22,14.732118055555556,709.7986085,19.1434,849.87055,19.817879396984925,317.94960980221174,2.1305646496447337,26.89665193892512,5.660142075974293,1,0,0.7242512483900926,0.2757487516099074,client09,rnp_rj
2024-07-21 15:09:22,2024-07-23 13:17:16,1.9221527777777778,219.2231,11.1739,728.3685370000001,19.817879396984925,159.0597045838614,0.8248231644610733,273.8106091323698,5.660142075974293,0,1,0.12483485761562407,0.8751651423843759,client09,rnp_rj
2024-05-03 17:23:10,2024-05-12 17:14:16,8.993819444444444,905.1812,13.584399999999999,871.45265,12.619711538461537,35.433747200864005,0.8929494239228839,38.63147707065478,5.059507771805768,0,1,0.1898275224074506,0.8101724775925494,client09,rnp_sp
2024-05-12 17:14:16,2024-05-25 00:10:05,12.288761574074075,847.9275500000001,13.584399999999999,871.45265,12.619711538461537,119.1218537462574,0.8929494239228839,38.63147707065478,5.059507771805768,1,0,0.2858397315624741,0.7141602684375259,client09,rnp_sp
2024-05-25 00:10:05,2024-07-04 15:35:12,40.64244212962963,906.4301499999999,13.584399999999999,873.8062,12.619711538461537,12.463923608284745,0.8929494239228839,13.81498188504823,5.059507771805768,1,1,0.19828445859639332,0.8017155414036067,client09,rnp_sp
2024-07-04 15:35:12,2024-07-09 08:08:26,4.68974537037037,628.7279910000001,13.584399999999999,846.1235,12.619711538461537,386.58730271650603,0.8929494239228839,126.78348963634194,5.059507771805768,1,0,0.5367380815341083,0.4632619184658917,client09,rnp_sp
2024-07-09 08:08:26,2024-07-23 14:35:27,14.268761574074073,738.5314300000001,13.584399999999999,846.1235,12.619711538461537,215.9586577880934,0.8929494239228839,126.78348963634194,5.059507771805768,0,1,0.28064217381228995,0.71935782618771,client09,rnp_sp
2024-05-04 11:28:08,2024-06-02 15:50:13,29.182002314814813,162.7133917734375,122.48714843750001,178.1292,124.2710625,26.15737219900374,15.722102061421726,4.866541424007296,16.1089635314956,0,0,0.9924373040008463,0.007562695999153755,client10,gru03
2024-05-04 16:17:17,2024-05-19 16:17:29,15.00013888888889,804.35205,19.842151340996168,692.9955000000001,19.34277777777778,78.38194478824089,1.2653052274856895,196.7078919021272,3.2582741796824086,0,1,0.17146469807213105,0.828535301927869,client10,rnp_rj
2024-05-19 16:17:29,2024-06-02 16:43:32,14.018090277777778,859.7290999999999,19.842151340996168,768.3530999999999,19.34277777777778,53.23728934230018,1.2653052274856895,177.84200883661347,3.2582741796824086,0,1,0.15258231008271372,0.8474176899172863,client10,rnp_rj
2024-05-04 11:12:08,2024-05-24 23:44:28,20.522453703703704,856.21345,13.708200743494425,715.0005055762082,12.553855018587361,46.25501840480606,0.8817816495380996,167.85914035413742,1.2745419360744497,0,1,0.13010301790513823,0.8698969820948618,client10,rnp_sp
2024-05-24 23:44:28,2024-05-29 17:12:21,4.727696759259259,877.9742999999999,13.708200743494425,715.0005055762082,12.553855018587361,100.41011035438089,0.8817816495380996,167.85914035413742,1.2745419360744497,1,0,0.17066582671600383,0.8293341732839962,client10,rnp_sp
2024-05-29 17:12:21,2024-06-02 17:53:22,4.028483796296296,908.87045,13.708200743494425,715.0005055762082,12.553855018587361,8.748927299509656,0.8817816495380996,167.85914035413742,1.2745419360744497,0,1,0.10409014720894016,0.8959098527910598,client10,rnp_sp
2024-05-06 15:10:23,2024-06-02 18:03:19,27.12009259259259,160.69255227884616,122.70614423076924,160.87539,125.86183653846155,27.84040067479698,16.137714255332526,39.35180679634338,18.399048175101886,0,0,0.9724976731212558,0.027502326878744206,client11,gru03
2024-05-06 11:17:27,2024-05-07 09:17:15,0.9165277777777778,679.30525,20.61610800744879,739.5422500000001,20.2239,98.08494049969622,1.6289760356984355,64.32183690578348,2.466793143035369,0,1,0.2243766844596886,0.7756233155403114,client11,rnp_rj
2024-05-07 09:17:15,2024-05-26 21:51:33,19.523819444444445,780.9243,20.61610800744879,739.5422500000001,20.2239,79.96838114898584,1.6289760356984355,64.32183690578348,2.466793143035369,1,1,0.19817018011850218,0.8018298198814978,client11,rnp_rj
2024-05-26 21:51:33,2024-06-02 17:36:24,6.8228125,795.4159999999999,20.61610800744879,866.1993,21.8626,72.7476943052963,1.6289760356984355,32.26963599863207,6.292023357938375,0,1,0.16026729779667626,0.8397327022033237,client11,rnp_rj
2024-05-06 10:51:29,2024-06-02 16:34:09,27.237962962962964,809.8223260869565,15.175386956521736,846.7404782608695,12.73046956521739,75.83131409424483,1.297642700772607,72.21079311854683,1.4090724089466913,0,1,0.11778309236212015,0.8822169076378799,client11,rnp_sp
2024-05-06 15:14:17,2024-06-28 10:06:21,52.78615740740741,163.68072999999998,120.22054999999997,173.62175000000002,122.55099999999997,23.27497607359503,5.357247540285473,18.19994975665419,5.414633554204363,0,0,0.9756656925731584,0.024334307426841603,client12,gru03
2024-06-28 10:06:21,2024-07-01 12:51:04,3.114386574074074,81.160495,223.32775,82.6611845,229.4382,8.3380769361485,3.390698497748149,21.913786038484755,5.593718842077292,1,0,0.9997292260773738,0.0002707739226261875,client12,gru03
2024-07-01 12:51:04,2024-07-09 14:33:28,8.071111111111112,244.51896895,104.16615000000002,82.6611845,105.69805000000001,225.44800347259962,37.82369938943878,21.913786038484755,39.52828244164983,1,0,0.9922285154142177,0.0077714845857822295,client12,gru03
2024-07-09 14:33:28,2024-07-17 20:10:23,8.233969907407408,669.8737282499999,19.2717,747.5252499999999,14.290000000000001,211.6131796418896,7.761502873324958,90.65164453054399,1.7328682945670713,1,0,0.28413423146852956,0.7158657685314704,client12,gru03
2024-07-17 20:10:23,2024-07-23 13:12:05,5.709513888888889,165.82485000000003,19.2717,747.5252499999999,14.290000000000001,15.0803590047836,7.761502873324958,90.65164453054399,1.7328682945670713,0,1,0.13188249968707366,0.8681175003129263,client12,gru03
2024-05-06 14:45:27,2024-07-08 02:40:23,62.49648148148148,725.4492104838711,15.544599999999999,719.4296354838709,13.958693548387096,75.19797065789732,0.9093887131358885,101.85220719229798,19.46205655380998,0,1,0.0018379292210568554,0.9981620707789431,client12,gru05
2024-07-08 02:40:23,2024-07-12 03:35:17,4.038125,725.4492104838711,26.664950000000005,719.4296354838709,13.958693548387096,75.19797065789732,46.39180273039965,101.85220719229798,19.46205655380998,0,1,0.20000261592665802,0.799997384073342,client12,gru05
2024-07-12 03:35:17,2024-07-14 03:24:08,1.9922569444444445,725.4492104838711,26.664950000000005,719.4296354838709,13.958693548387096,75.19797065789732,46.39180273039965,101.85220719229798,19.46205655380998,0,1,0.20000261592665802,0.799997384073342,client12,gru05
2024-05-06 16:19:18,2024-06-07 08:00:18,31.653472222222224,744.9033,16.021549999999998,741.32885,12.016386666666666,45.042561330017875,1.7079084924026384,105.86092909208512,1.093111633876582,0,1,0.01096699351774788,0.9890330064822521,client12,gru06
2024-06-07 08:00:18,2024-06-10 11:40:04,3.1526157407407407,744.9033,16.021549999999998,700.9945,12.016386666666666,45.042561330017875,1.7079084924026384,70.222976247844,1.093111633876582,0,1,0.015391237577367711,0.9846087624226323,client12,gru06
2024-06-10 11:40:04,2024-07-04 09:28:06,23.90835648148148,744.9033,16.021549999999998,700.9945,12.016386666666666,45.042561330017875,1.7079084924026384,70.222976247844,1.093111633876582,0,1,0.015391237577367711,0.9846087624226323,client12,gru06
2024-07-04 09:28:06,2024-07-23 02:13:28,18.698171296296298,520.8053944999999,16.021549999999998,700.9945,12.016386666666666,313.08745898309957,1.7079084924026384,70.222976247844,1.093111633876582,0,1,0.08132430030060589,0.9186756996993941,client12,gru06
2024-05-06 14:17:33,2024-05-13 22:14:05,7.330925925925926,681.7112999999999,20.650700000000004,702.0044759036144,17.7846,60.47928257902606,1.991194486786895,116.98107312250629,1.4830252650720772,0,1,0.17415974358015462,0.8258402564198454,client12,rnp_rj
2024-05-13 22:14:05,2024-06-23 00:42:31,40.1030787037037,729.26475,20.650700000000004,702.0044759036144,17.7846,30.990868359422468,1.991194486786895,116.98107312250629,1.4830252650720772,1,1,0.14706090188369247,0.8529390981163075,client12,rnp_rj
2024-06-23 00:42:31,2024-07-06 22:21:27,13.902037037037037,683.2383000000001,20.650700000000004,702.0044759036144,21.483799999999995,74.611105583764,1.991194486786895,116.98107312250629,7.723587607895835,1,1,0.12901783026399294,0.8709821697360071,client12,rnp_rj
2024-07-06 22:21:27,2024-07-22 18:45:21,15.849930555555556,550.2759404999999,22.257699999999996,702.0044759036144,21.483799999999995,273.2234665477241,1.2504718309502216,116.98107312250629,7.723587607895835,1,1,0.3400880109584822,0.6599119890415178,client12,rnp_rj
2024-07-22 18:45:21,2024-07-23 14:49:24,0.8361458333333334,768.44685,14.6722,702.0044759036144,21.483799999999995,122.86930406534672,1.233151273428323,116.98107312250629,7.723587607895835,0,1,0.1274682675828519,0.8725317324171481,client12,rnp_rj
2024-05-06 14:30:16,2024-07-17 07:44:30,71.7182175925926,749.8466999999998,14.87995,708.5837765089723,11.6793,67.04626417011181,1.0700740001464724,100.20517445577869,1.2702372385130514,0,1,0.13029599147882398,0.869704008521176,client12,rnp_sp
2024-07-17 07:44:30,2024-07-19 12:32:32,2.2000231481481483,232.59883,14.87995,708.5837765089723,13.83965,194.19858273099052,1.0700740001464724,100.20517445577869,1.2856133606795996,1,0,0.2977578679522185,0.7022421320477815,client12,rnp_sp
2024-07-19 12:32:32,2024-07-23 07:20:05,3.7830208333333335,219.04292,12.4162,708.5837765089723,13.83965,138.1601124184378,1.130900088657842,100.20517445577869,1.2856133606795996,0,1,0.2200607398400436,0.7799392601599564,client12,rnp_sp
2024-05-10 09:27:18,2024-06-28 13:36:26,49.17300925925926,145.41762999999997,126.90794999999999,148.19796499999998,131.7032,36.37759344954123,20.884210085423515,59.13199571256509,21.22410091481157,0,0,0.9947188293916551,0.005281170608344832,client13,gru03
2024-06-28 13:36:26,2024-07-01 13:05:29,2.9785069444444443,100.19526,197.18294999999998,112.45243500000001,201.9044,30.738281924994133,45.94120466934942,37.92252623984679,45.03950158343463,1,0,0.9999046397646125,9.536023538744129e-05,client13,gru03
2024-07-01 13:05:29,2024-07-05 00:32:24,3.477025462962963,162.5025,119.30980000000002,181.324,122.00465000000001,15.08831824362983,3.1379040037646315,7.832846299902403,5.593980686745726,1,0,0.9893647722799499,0.0106352277200501,client13,gru03
2024-07-05 00:32:24,2024-07-05 06:26:12,0.24569444444444444,341.07280000000003,89.7611,375.59819999999996,88.9911,273.62325204050376,48.263033925289896,309.09807776967045,50.33497636508518,1,0,0.9524072835896772,0.04759271641032276,client13,gru03
2024-07-05 06:26:12,2024-07-09 14:29:28,4.335601851851852,217.43645,104.76910000000001,375.59819999999996,105.10619999999999,138.25322479972638,39.4421603255624,309.09807776967045,38.72442608402147,1,0,0.9498099700018097,0.05019002999819035,client13,gru03
2024-07-09 14:29:28,2024-07-17 20:14:05,8.23931712962963,585.2252827,16.492700000000003,835.7410500000002,15.293199999999999,184.6895151338223,1.713445777250902,111.41933782525552,1.422796823162042,1,0,0.2871324323221811,0.7128675676778189,client13,gru03
2024-07-17 20:14:05,2024-07-23 14:12:25,5.748842592592593,170.71590000000003,13.156649999999999,835.7410500000002,15.293199999999999,8.938007601485383,1.2412681662422171,111.41933782525552,1.422796823162042,0,1,0.12572542704861656,0.8742745729513834,client13,gru03
2024-05-10 08:43:52,2024-06-02 05:11:28,22.8525,609.4530878014186,16.48096453900709,819.9792269503546,13.182170212765957,124.21528074530173,8.696246069763458,76.2736680774629,1.1283976246838245,0,1,0.07111530396659071,0.9288846960334093,client13,gru05
2024-06-02 05:11:28,2024-06-05 18:45:03,3.564988425925926,609.4530878014186,16.48096453900709,819.9792269503546,13.182170212765957,124.21528074530173,8.696246069763458,76.2736680774629,1.1283976246838245,0,1,0.07111530396659071,0.9288846960334093,client13,gru05
2024-06-05 18:45:03,2024-07-15 10:39:05,39.662523148148146,609.4530878014186,16.48096453900709,819.9792269503546,13.182170212765957,124.21528074530173,8.696246069763458,76.2736680774629,1.1283976246838245,0,1,0.07111530396659071,0.9288846960334093,client13,gru05
2024-05-10 10:22:05,2024-07-23 00:09:18,73.57445601851852,591.0733540579711,16.169108695652174,812.2597942028985,12.88418115942029,175.57995056556433,8.800703366619233,97.57287700459655,1.0998147105756706,0,1,0.13501769406436293,0.8649823059356371,client13,gru06
2024-05-10 11:01:06,2024-05-19 23:30:32,9.520439814814814,585.7869499999999,19.873300000000004,800.0106499999999,19.620251155624036,83.65584313909673,0.6942190690189042,61.30394953901078,5.09102741834527,0,1,0.4033400478725464,0.5966599521274536,client13,rnp_rj
2024-05-19 23:30:32,2024-07-06 22:35:17,47.96163194444444,640.0592999999999,19.873300000000004,762.7118,19.620251155624036,127.34628664976537,0.6942190690189042,118.5154986007715,5.09102741834527,1,1,0.3653439207283059,0.6346560792716941,client13,rnp_rj
2024-07-06 22:35:17,2024-07-17 08:53:17,10.429166666666667,580.3217000000001,22.42405,815.1769,19.620251155624036,79.62779895905172,5.153521263992325,113.93530352833899,5.09102741834527,1,0,0.4189794674451427,0.5810205325548573,client13,rnp_rj
2024-07-17 08:53:17,2024-07-22 13:47:30,5.204317129629629,248.612475,13.1704,815.1769,19.620251155624036,174.27202400107853,1.8438366008207763,113.93530352833899,5.09102741834527,1,0,0.4439004061107029,0.5560995938892971,client13,rnp_rj
2024-07-22 13:47:30,2024-07-23 15:08:25,1.0561921296296297,248.612475,13.1704,739.400856,19.620251155624036,174.27202400107853,1.8438366008207763,223.95286672067024,5.09102741834527,0,1,0.2707901092598769,0.7292098907401231,client13,rnp_rj
2024-05-10 08:57:06,2024-07-17 22:06:12,68.54798611111111,596.0544500000001,15.32765,796.063523076923,13.03225811965812,84.414672692841,0.7156557004446671,96.23988788264603,1.6965249070717916,0,1,0.31794422926145516,0.6820557707385448,client13,rnp_sp
2024-07-17 22:06:12,2024-07-19 00:22:04,1.0943518518518518,173.97278,12.370500000000002,796.063523076923,13.03225811965812,28.954570519306163,0.8893328368708995,96.23988788264603,1.6965249070717916,1,0,0.2725999815917953,0.7274000184082047,client13,rnp_sp
2024-07-19 00:22:04,2024-07-23 14:37:32,4.594074074074074,177.38540000000003,12.370500000000002,796.063523076923,13.03225811965812,15.506366242356888,0.8893328368708995,96.23988788264603,1.6965249070717916,0,1,0.25638890407260573,0.7436110959273943,client13,rnp_sp
2024-05-10 09:30:08,2024-06-28 18:43:19,49.38415509259259,147.54204,132.31980000000004,156.57755000000003,129.98025,40.48388376084333,37.17663781774219,52.69680909987765,19.130293267829373,0,0,0.9977523081974808,0.002247691802519208,client14,gru03
2024-06-28 18:43:19,2024-07-01 03:38:19,2.3715277777777777,118.75686499999999,175.7799,131.91709500000002,179.87865,42.24952583435295,53.26183182700743,46.67125399692795,54.42778272292755,1,0,0.9991766269423251,0.0008233730576748504,client14,gru03
2024-07-01 03:38:19,2024-07-09 13:47:04,8.422743055555555,160.55925,119.0305,180.964,122.08885000000001,12.880977320206885,3.154863822234188,5.600349481576081,3.5917715798166987,1,0,0.9717203832021339,0.028279616797866003,client14,gru03
2024-07-09 13:47:04,2024-07-19 18:22:18,10.19113425925926,629.14805,16.1914,827.9024499999999,14.707699999999997,126.26218688380769,2.2544349134422506,66.77956466927904,1.9481068029729462,0,1,0.11172938819258038,0.8882706118074196,client14,gru03
2024-05-10 10:02:14,2024-07-15 08:41:03,65.94362268518519,629.06001557971,15.414100000000001,826.6695144927536,13.091253623188404,133.05056445405728,0.6126649208687879,77.86312610120154,1.1023522630484732,0,1,0.010540354466095025,0.989459645533905,client14,gru05
2024-05-10 11:13:10,2024-06-01 08:28:07,21.885381944444443,594.8844082171644,15.6287,828.4295895522388,13.203164179104478,169.70904666457258,0.9425012690205057,66.44826594140542,1.3949137424164992,0,1,0.025452694945689247,0.9745473050543108,client14,gru06
2024-06-01 08:28:07,2024-06-04 12:51:06,3.1826273148148148,594.8844082171644,15.6287,828.4295895522388,13.203164179104478,169.70904666457258,0.9425012690205057,66.44826594140542,1.3949137424164992,0,1,0.025452694945689247,0.9745473050543108,client14,gru06
2024-06-04 12:51:06,2024-07-02 06:33:13,27.73758101851852,594.8844082171644,15.6287,828.4295895522388,13.203164179104478,169.70904666457258,0.9425012690205057,66.44826594140542,1.3949137424164992,0,1,0.025452694945689247,0.9745473050543108,client14,gru06
2024-07-02 06:33:13,2024-07-06 18:29:32,4.497442129629629,594.8844082171644,15.433550000000002,828.4295895522388,13.203164179104478,169.70904666457258,0.5516618410241053,66.44826594140542,1.3949137424164992,0,1,0.02435061510140135,0.9756493848985986,client14,gru06
2024-07-06 18:29:32,2024-07-19 14:27:29,12.831909722222223,594.8844082171644,15.433550000000002,828.4295895522388,13.203164179104478,169.70904666457258,0.5516618410241053,66.44826594140542,1.3949137424164992,0,1,0.02435061510140135,0.9756493848985986,client14,gru06
2024-05-10 09:44:13,2024-07-06 22:02:12,57.51248842592592,633.7861,20.15685,843.87505,19.697431275720167,103.96704918583833,1.141013458797877,48.679248745960045,4.613522539136432,0,1,0.21183773108071757,0.7881622689192824,client14,rnp_rj
2024-07-06 22:02:12,2024-07-17 08:29:10,10.435393518518518,523.7778599999999,20.15685,847.2150000000001,19.697431275720167,234.13914166464843,1.141013458797877,27.412422239791795,4.613522539136432,1,0,0.4239228629673114,0.5760771370326886,client14,rnp_rj
2024-07-17 08:29:10,2024-07-19 20:30:18,2.500787037037037,220.39432000000002,20.756099999999996,847.2150000000001,19.697431275720167,140.64641084275135,0.9946193082888815,27.412422239791795,4.613522539136432,0,1,0.3253269325120729,0.6746730674879271,client14,rnp_rj
2024-05-10 19:44:22,2024-07-17 09:24:23,67.56945601851852,662.823,15.514450000000002,794.0599557661928,13.037826224328594,130.47894162822234,0.8850221213411323,98.39367245988743,1.5683166027909279,0,1,0.1615168460024301,0.8384831539975699,client14,rnp_sp
2024-07-17 09:24:23,2024-07-19 14:52:22,2.2277662037037036,176.5182695,15.514450000000002,794.0599557661928,13.037826224328594,143.14912462774245,0.8850221213411323,98.39367245988743,1.5683166027909279,0,1,0.20690595474611617,0.7930940452538838,client14,rnp_sp
2024-05-10 13:33:30,2024-06-03 22:52:23,24.388113425925926,577.5958523809524,21.404140476190474,757.5679157142857,19.361785714285713,113.10370039276623,2.629799282118103,120.43029702889635,4.501777015010204,0,1,0.2070562041613575,0.7929437958386425,client15,rnp_rj
2024-05-10 13:07:34,2024-06-02 17:36:26,23.186712962962964,618.3681153846154,15.910552884615385,766.6796538461539,12.242048076923076,112.08402316027644,0.8617909994066458,90.9162660949232,0.9713824043368405,0,1,0.18987002763599503,0.810129972364005,client15,rnp_sp
2024-05-10 15:36:11,2024-06-28 18:26:25,49.11821759259259,155.299165,121.28354999999999,147.76614999999998,129.69574999999998,31.741979291539145,6.248346075689063,57.739907065869644,20.895402049947432,0,0,0.9487757242812855,0.05122427571871443,client16,gru03
2024-06-28 18:26:25,2024-07-01 12:13:05,2.740740740740741,104.967565,191.97330000000002,118.34971499999999,196.11315,34.554830151686005,47.324759440654205,43.89986619306157,50.96647678340301,1,0,0.9996665257097632,0.00033347429023679326,client16,gru03
2024-07-01 12:13:05,2024-07-05 11:54:36,3.987164351851852,161.31982000000002,115.9281,118.34971499999999,115.41785000000002,20.90604128238131,25.00330897027747,43.89986619306157,24.074285084810654,0,0,0.986331041722947,0.013668958277052987,client16,gru03
2024-07-05 11:54:36,2024-07-09 01:11:25,3.5533449074074075,161.31982000000002,115.9281,118.34971499999999,115.41785000000002,20.90604128238131,25.00330897027747,43.89986619306157,24.074285084810654,0,0,0.986331041722947,0.013668958277052987,client16,gru03
2024-07-09 01:11:25,2024-07-09 21:31:20,0.8471643518518519,161.31982000000002,115.9281,118.34971499999999,115.41785000000002,20.90604128238131,25.00330897027747,43.89986619306157,24.074285084810654,0,0,0.986331041722947,0.013668958277052987,client16,gru03
2024-07-09 21:31:20,2024-07-23 11:59:08,13.602638888888889,676.04565,14.26985,821.7496500000001,14.316950000000002,152.1017056121798,1.3701212115030286,25.50599444356686,1.1292292888701145,0,1,0.23291109989286174,0.7670889001071383,client16,gru03
2024-05-10 16:55:27,2024-07-05 21:52:19,56.20615740740741,734.0476322580645,14.02687741935484,804.9379483870969,12.535780645161289,62.389094728479684,1.1805290654985177,31.99939864203489,0.9620037885753606,0,1,0.01618506940656861,0.9838149305934314,client16,gru05
2024-07-05 21:52:19,2024-07-08 22:49:28,3.0396875,734.0476322580645,14.02687741935484,804.9379483870969,12.535780645161289,62.389094728479684,1.1805290654985177,31.99939864203489,0.9620037885753606,0,1,0.01618506940656861,0.9838149305934314,client16,gru05
2024-07-08 22:49:28,2024-07-14 23:03:04,6.009444444444444,734.0476322580645,14.02687741935484,804.9379483870969,12.535780645161289,62.389094728479684,1.1805290654985177,31.99939864203489,0.9620037885753606,0,1,0.01618506940656861,0.9838149305934314,client16,gru05
2024-05-10 15:02:23,2024-07-05 17:16:20,56.093020833333334,680.3328318503401,14.401625850340134,793.5005,11.9312,178.51498219432088,8.625848997889754,71.76688887329149,0.7418216270208017,0,1,0.08639844556392307,0.9136015544360769,client16,gru06
2024-07-05 17:16:20,2024-07-08 23:50:03,3.273414351851852,680.3328318503401,14.401625850340134,793.5005,12.3361,178.51498219432088,8.625848997889754,71.76688887329149,0.8365102887340325,0,1,0.08622772526941402,0.913772274730586,client16,gru06
2024-07-08 23:50:03,2024-07-11 08:09:16,2.346678240740741,680.3328318503401,14.401625850340134,793.5005,12.3361,178.51498219432088,8.625848997889754,71.76688887329149,0.8365102887340325,0,1,0.08622772526941402,0.913772274730586,client16,gru06
2024-07-11 08:09:16,2024-07-15 00:59:15,3.701377314814815,680.3328318503401,14.401625850340134,793.5005,12.3361,178.51498219432088,8.625848997889754,71.76688887329149,0.8365102887340325,0,1,0.08622772526941402,0.913772274730586,client16,gru06
2024-07-15 00:59:15,2024-07-23 09:27:22,8.352858796296296,680.3328318503401,14.401625850340134,793.5005,12.3361,178.51498219432088,8.625848997889754,71.76688887329149,0.8365102887340325,0,1,0.08622772526941402,0.913772274730586,client16,gru06
2024-05-10 20:47:25,2024-07-19 04:23:30,69.31672453703703,726.2484999999999,19.282099999999996,773.5720500000001,18.06125,74.66960468166273,1.2200757914335096,132.8229426082054,1.7415960579156604,0,1,0.19462073227743415,0.8053792677225659,client16,rnp_rj
2024-07-19 04:23:30,2024-07-22 11:50:05,3.3101273148148147,182.33445,19.282099999999996,794.0364,18.6095,3.2290734938906818,1.2200757914335096,36.30337172886578,2.9128486599529113,1,0,0.2795705166746538,0.7204294833253462,client16,rnp_rj
2024-07-22 11:50:05,2024-07-23 14:08:14,1.0959375,565.80664,11.495549999999998,794.0364,18.6095,277.9103142410144,0.6066280812387177,36.30337172886578,2.9128486599529113,0,0,0.5582090611959603,0.44179093880403975,client16,rnp_rj
2024-05-10 16:11:11,2024-07-17 17:30:05,68.05479166666667,755.73145,13.904349999999999,792.3354632107023,12.665091973244147,54.74006964639438,1.3340214736297402,79.76447819157151,1.161320742042702,0,1,0.18541763507344156,0.8145823649265584,client16,rnp_sp
2024-07-17 17:30:05,2024-07-23 14:34:26,5.878020833333333,176.29936999999998,14.53785,792.3354632107023,12.665091973244147,21.4159624530543,1.4841123618619918,79.76447819157151,1.161320742042702,0,1,0.2013750022425188,0.7986249977574812,client16,rnp_sp
